sample_id,word,start,end,ctc_score,fallback_used,reasons
-3g5yACwYnA__13,least,3.2625,3.4025,0.1915,False,low_ctc
-3g5yACwYnA__2,Polymer,3.0625,3.3425,0.4012,False,marginal_ctc
-3g5yACwYnA__2,a,3.6625,3.6825,0.8117,False,very_short
-3g5yACwYnA__3,a,1.2425,1.2625,0.9648,False,very_short
-3g5yACwYnA__3,of,2.9825,3.0225,0.9751,False,very_short
-3g5yACwYnA__3,don't,7.1425,7.2625,0.9606,False,overlap_risk
-3g5yACwYnA__3,have,7.2825,7.3625,0.9879,False,overlap_risk
-3g5yACwYnA__3,of,12.0025,12.0425,0.9729,False,very_short
-3g5yACwYnA__9,have,3.9025,4.0025,0.4569,False,overlap_risk
-3g5yACwYnA__9,changed,4.0225,4.2825,0.7593,False,overlap_risk
-3g5yACwYnA__9,through,4.3025,4.4625,0.5609,False,overlap_risk
-3g5yACwYnA__9,the,4.4825,4.5425,0.9881,False,overlap_risk
-3g5yACwYnA__9,added,7.4425,7.6225,0.2256,False,low_ctc
-3nNcZdcdvU__5,in,2.6825,2.7225,0.9969,False,very_short
-3nNcZdcdvU__5,you,4.2625,4.4625,0.9391,False,filler_like
-3nNcZdcdvU__5,in,6.1825,6.2225,0.9952,False,very_short
-3nNcZdcdvU__5,you,6.4825,6.5825,0.9876,False,filler_like
-571d8cVauQ__0,is,1.2425,1.2825,0.5134,False,very_short
-571d8cVauQ__0,Rhett,1.3425,1.5025,0.4158,False,marginal_ctc
-571d8cVauQ__0,of,3.6225,3.6625,0.9829,False,very_short
-571d8cVauQ__5,to,1.4025,1.4425,0.2726,False,marginal_ctc;very_short
-571d8cVauQ__5,if,5.6425,5.6825,0.9998,False,very_short
-571d8cVauQ__5,you,5.7425,5.8225,0.9988,False,filler_like
-571d8cVauQ__5,a,7.9825,8.0025,0.9787,False,very_short
-571d8cVauQ__5,a,9.5625,9.5825,0.6728,False,very_short
-571d8cVauQ__5,on,10.2825,10.3225,0.9995,False,very_short
-571d8cVauQ__5,a,13.1625,13.1825,0.9818,False,very_short
-6rXp3zJ3kc__8,a,2.6625,2.6825,0.9912,False,very_short
-6rXp3zJ3kc__8,a,6.3625,6.3825,0.9985,False,very_short
-6rXp3zJ3kc__8,of,6.6225,6.6625,0.9994,False,very_short
-6rXp3zJ3kc__8,on,10.0225,10.0625,0.9981,False,very_short
-9y-fZ3swSY__0,is,0.0425,0.1425,0.57,False,edge_clip_start
-9y-fZ3swSY__0,you,0.1825,0.2425,0.0334,False,low_ctc;filler_like
-9y-fZ3swSY__0,can,0.2625,0.3825,0.3423,False,marginal_ctc
-9y-fZ3swSY__0,I,1.6825,1.7025,0.0062,False,low_ctc;filler_like;very_short
-9y-fZ3swSY__0,like,2.4025,2.6825,0.9828,False,filler_like
-9y-fZ3swSY__0,are,3.8025,3.8625,0.0085,False,low_ctc
-9y-fZ3swSY__0,on,5.7625,5.8025,0.9905,False,very_short
-9y-fZ3swSY__4,this,0.7625,0.9225,0.2782,False,marginal_ctc
-9y-fZ3swSY__4,in,1.0225,1.0625,0.112,False,low_ctc;very_short
-9y-fZ3swSY__4,in,1.9625,2.0025,0.9993,False,very_short
-9y-fZ3swSY__4,US,2.2425,2.5625,0.1183,False,low_ctc
-9y-fZ3swSY__8,a,0.5625,0.6025,0.6739,False,very_short
-9y-fZ3swSY__8,a,4.0025,4.0225,0.9917,False,very_short
-AUZQgSxyPQ__2,mate,1.3025,1.5225,0.1866,False,low_ctc
-AUZQgSxyPQ__2,Therapy,3.5625,3.9625,0.4176,False,marginal_ctc
-AUZQgSxyPQ__2,and,12.4625,12.5625,0.0026,False,low_ctc
-AUZQgSxyPQ__2,cells,21.5225,21.8025,0.1863,False,low_ctc
-HeZS2-Prhc__2,The,0.1425,0.4025,0.3278,False,marginal_ctc;edge_clip_start
-HeZS2-Prhc__2,it,4.2025,4.2425,0.9951,False,very_short
-HeZS2-Prhc__2,as,6.2025,6.2425,0.6786,False,very_short
-HeZS2-Prhc__2,great,7.3425,8.1225,0.6029,False,edge_clip_end
-HwX2H8Z4hY__2,President,0.0025,0.3425,0.2079,False,low_ctc;overlap_risk;edge_clip_start
-HwX2H8Z4hY__2,Ronald,0.3625,0.6625,0.1667,False,low_ctc;overlap_risk
-HwX2H8Z4hY__2,Reagan,0.7225,0.8425,0.0001,False,low_ctc
-HwX2H8Z4hY__2,at,2.8825,2.9225,0.9978,False,very_short
-HwX2H8Z4hY__5,of,4.3025,4.3425,0.9994,False,very_short
-HwX2H8Z4hY__6,in,0.6825,0.7225,0.9993,False,very_short
-HwX2H8Z4hY__9,It,0.5625,0.6025,0.9921,False,very_short
-HwX2H8Z4hY__9,a,0.8425,0.8625,0.9654,False,very_short
-HwX2H8Z4hY__9,he,4.4625,4.5025,0.8254,False,very_short
-HwX2H8Z4hY__9,which,5.5025,5.6425,0.9674,False,overlap_risk
-HwX2H8Z4hY__9,he,5.6625,5.7225,0.1946,False,low_ctc;overlap_risk
-HwX2H8Z4hY__9,like,6.0425,6.2025,0.9906,False,filler_like
-HwX2H8Z4hY__9,that,6.2625,6.3425,0.0595,False,low_ctc;overlap_risk
-HwX2H8Z4hY__9,the,6.3625,6.4225,0.0167,False,low_ctc;overlap_risk
-I_e4mIh0yE__1,In,0.8225,0.8625,0.9991,False,very_short
-I_e4mIh0yE__1,in,6.3025,6.3425,0.9997,False,very_short
-I_e4mIh0yE__3,you,1.7025,2.0225,0.9456,False,filler_like
-I_e4mIh0yE__3,of,5.9625,6.0225,0.0521,False,low_ctc
-I_e4mIh0yE__3,and,6.4825,6.5425,0.8461,False,overlap_risk
-I_e4mIh0yE__3,that,6.5625,6.6425,0.9479,False,overlap_risk
-I_e4mIh0yE__3,you,6.6825,6.7825,0.91,False,filler_like
-MeTTeMJBNc__0,at,2.2025,2.2425,0.9991,False,very_short
-MeTTeMJBNc__0,of,7.9425,7.9825,0.9994,False,very_short
-MeTTeMJBNc__13,It,0.1225,0.1625,0.998,False,very_short;edge_clip_start
-MeTTeMJBNc__13,a,2.0225,2.0425,0.9959,False,very_short
-MeTTeMJBNc__13,you,3.8225,3.9025,0.998,False,filler_like
-MeTTeMJBNc__7,you,0.8025,0.9025,0.9956,False,filler_like
-MeTTeMJBNc__7,a,1.9425,1.9625,0.9967,False,very_short
-MeTTeMJBNc__7,of,2.4625,2.5025,0.7649,False,very_short
-MeTTeMJBNc__7,in,5.3825,5.4225,0.9998,False,very_short
-MeTTeMJBNc__7,or,6.1625,6.2025,0.9985,False,very_short
-MeTTeMJBNc__7,a,6.8025,6.8225,0.9952,False,very_short
-MeTTeMJBNc__7,it,8.4425,8.4825,0.4832,False,very_short
-MeTTeMJBNc__7,in,8.7825,8.8225,0.9966,False,very_short
-MeTTeMJBNc__7,a,8.8625,8.9025,0.8979,False,very_short;overlap_risk
-MeTTeMJBNc__7,beautiful,8.9225,9.2825,0.9813,False,overlap_risk
-NFrJFQijFE__1,Structural,0.2825,1.7825,0.0113,False,low_ctc
-NFrJFQijFE__1,mounts,2.1825,2.3625,0.0051,False,low_ctc
-NFrJFQijFE__1,inside,2.5025,2.8225,0.0099,False,low_ctc
-NFrJFQijFE__1,have,2.9825,3.0625,0.0157,False,low_ctc
-NFrJFQijFE__1,to,3.2825,3.3425,0.0068,False,low_ctc
-NFrJFQijFE__1,be,3.4825,3.6425,0.0059,False,low_ctc
-NFrJFQijFE__1,properly,3.7825,4.0625,0.009,False,low_ctc;overlap_risk
-NFrJFQijFE__1,stress,4.0825,4.2825,0.0112,False,low_ctc;overlap_risk
-NFrJFQijFE__1,analyzed,4.3225,4.4825,0.0133,False,low_ctc
-NFrJFQijFE__1,so,4.5225,4.5625,0.0028,False,low_ctc;very_short;overlap_risk
-NFrJFQijFE__1,we,4.5825,4.6225,0.0113,False,low_ctc;very_short;overlap_risk
-NFrJFQijFE__1,make,4.7025,4.8625,0.0102,False,low_ctc
-NFrJFQijFE__1,sure,4.9225,5.0025,0.0082,False,low_ctc
-NFrJFQijFE__1,all,5.0425,5.1225,0.021,False,low_ctc
-NFrJFQijFE__1,that,5.2025,5.3425,0.0103,False,low_ctc;overlap_risk
-NFrJFQijFE__1,happens,5.3625,5.6225,0.0073,False,low_ctc;overlap_risk;edge_clip_end
-NFrJFQijFE__2,So,0.6625,1.8025,0.0008,False,low_ctc
-NFrJFQijFE__2,we,1.9425,1.9825,0.0007,False,low_ctc;very_short
-NFrJFQijFE__2,coordinate,2.1425,2.3625,0.002,False,low_ctc
-NFrJFQijFE__2,with,2.3825,2.4825,0.0083,False,low_ctc
-NFrJFQijFE__2,all,2.5425,2.6225,0.0017,False,low_ctc
-NFrJFQijFE__2,the,2.6425,2.7425,0.0438,False,low_ctc
-NFrJFQijFE__2,proper,2.7625,2.9025,0.0063,False,low_ctc
-NFrJFQijFE__2,technical,3.0225,3.7825,0.1119,False,low_ctc
-NFrJFQijFE__2,fields,4.1025,4.2825,0.0068,False,low_ctc
-NFrJFQijFE__2,to,4.3225,4.3625,0.4974,False,very_short
-NFrJFQijFE__2,get,4.3825,4.4425,0.0009,False,low_ctc
-NFrJFQijFE__2,ready,4.4825,4.6625,0.2202,False,low_ctc
-NFrJFQijFE__2,for,4.6825,4.7425,0.0116,False,low_ctc
-NFrJFQijFE__2,the,4.7625,4.8425,0.0029,False,low_ctc
-NFrJFQijFE__2,to,6.0825,6.1425,0.0013,False,low_ctc
-NFrJFQijFE__2,arrive,6.2225,6.5025,0.3314,False,marginal_ctc
-NFrJFQijFE__2,here,6.5825,6.6625,0.0223,False,low_ctc
-RfYyzHpjk4__11,a,4.0625,4.0825,0.9595,False,very_short
-RfYyzHpjk4__2,You,0.5025,0.5825,0.1748,False,low_ctc;filler_like
-RfYyzHpjk4__2,a,0.9425,0.9625,0.9636,False,very_short
-RfYyzHpjk4__2,it,1.6825,1.7225,0.0041,False,low_ctc;very_short
-RfYyzHpjk4__2,takes,1.7625,1.9825,0.2071,False,low_ctc
-RfYyzHpjk4__2,quite,2.0225,2.2025,0.3387,False,marginal_ctc
-RfYyzHpjk4__2,a,2.2825,2.3025,0.7621,False,very_short
-RfYyzHpjk4__2,of,2.4825,2.5225,0.9281,False,very_short
-RfYyzHpjk4__2,well,2.8625,2.9625,0.4415,False,marginal_ctc
-RfYyzHpjk4__2,a,3.1225,3.1425,0.9959,False,very_short
-RfYyzHpjk4__2,of,3.3625,3.4025,0.9683,False,very_short
-RfYyzHpjk4__2,do,5.1825,5.2625,0.0022,False,low_ctc
-RfYyzHpjk4__8,you,2.0225,2.0825,0.9999,False,filler_like
-RfYyzHpjk4__8,of,3.6025,3.6425,0.9986,False,very_short
-THoVjtIkeU__12,What,0.0025,1.7625,0.7482,False,edge_clip_start
-THoVjtIkeU__12,is,3.2625,3.3025,0.9995,False,very_short
-THoVjtIkeU__12,if,4.7425,4.7825,0.9999,False,very_short
-THoVjtIkeU__12,if,6.7625,6.8025,0.9996,False,very_short
-THoVjtIkeU__12,and,10.9825,11.0625,0.9825,False,overlap_risk
-THoVjtIkeU__12,if,11.0825,11.1225,0.9996,False,very_short;overlap_risk
-THoVjtIkeU__12,will,13.2425,13.3625,0.9996,False,overlap_risk
-THoVjtIkeU__12,believe,13.3825,13.5625,0.9992,False,overlap_risk
-THoVjtIkeU__12,in,13.6025,13.6425,0.9953,False,very_short
-THoVjtIkeU__2,I,0.0425,0.0625,0.7958,False,filler_like;very_short;edge_clip_start
-THoVjtIkeU__2,is,1.8625,1.9025,0.9995,False,very_short
-THoVjtIkeU__6,You,0.4825,0.5625,0.9989,False,filler_like
-THoVjtIkeU__6,know,0.6025,0.7025,0.9996,False,filler_like
-THoVjtIkeU__6,that,0.7425,0.8225,0.0,False,low_ctc
-THoVjtIkeU__6,I,0.8625,0.8825,0.0,False,low_ctc;filler_like;very_short
-THoVjtIkeU__6,in,3.0825,3.1225,0.9992,False,very_short
-THoVjtIkeU__6,we,5.0025,5.0625,0.9997,False,overlap_risk
-THoVjtIkeU__6,have,5.0825,5.1825,0.4826,False,overlap_risk
-THoVjtIkeU__6,of,7.1225,7.1625,0.9997,False,very_short
-UUCSKoHeMA__0,I,1.4425,1.4625,0.0923,False,low_ctc;filler_like;very_short
-UUCSKoHeMA__0,a,2.0625,2.0825,0.9564,False,very_short
-UUCSKoHeMA__0,in,2.6825,2.7225,0.797,False,very_short
-UUCSKoHeMA__0,I,5.5825,5.6025,0.9895,False,filler_like;very_short
-UacrmKiTn4__10,if,0.8825,0.9225,0.9985,False,very_short
-UacrmKiTn4__10,in,2.2025,2.2425,0.9781,False,very_short
-UuX1xuaiiE__0,it's,0.0425,0.1825,0.0,False,low_ctc;edge_clip_start
-UuX1xuaiiE__1,of,0.8425,0.8825,0.9981,False,very_short
-UuX1xuaiiE__1,in,5.8425,5.8825,0.995,False,very_short
-UuX1xuaiiE__1,in,6.5625,6.6025,0.9995,False,very_short
-UuX1xuaiiE__1,a,6.6825,6.7025,0.9949,False,very_short
-UuX1xuaiiE__3,to,1.4625,1.5625,0.0477,False,low_ctc
-UuX1xuaiiE__3,a,2.6225,2.6425,0.9644,False,very_short
-UuX1xuaiiE__6,I,0.5825,0.6025,0.8961,False,filler_like;very_short
-UuX1xuaiiE__6,up,0.8425,0.8825,0.9411,False,very_short
-UuX1xuaiiE__6,an,2.9825,3.0225,0.9743,False,very_short
-UuX1xuaiiE__6,in,5.7825,5.8225,0.9777,False,very_short
-UuX1xuaiiE__6,and,6.4225,6.4825,0.0121,False,low_ctc
-UuX1xuaiiE__6,issues,6.9625,7.3025,0.3983,False,marginal_ctc
-a55Q6RWvTA__3,if,1.0425,1.0825,0.0924,False,low_ctc;very_short
-a55Q6RWvTA__3,you,1.1825,1.2825,0.759,False,filler_like
-a55Q6RWvTA__3,if,2.7025,2.7425,0.9993,False,very_short
-a55Q6RWvTA__3,you,2.8025,2.9025,0.9473,False,filler_like
-a55Q6RWvTA__3,of,5.6025,5.6425,0.7171,False,very_short;overlap_risk
-a55Q6RWvTA__3,that,5.6625,5.8025,0.9655,False,overlap_risk
-a55Q6RWvTA__3,in,8.3625,8.4025,0.9991,False,very_short
-a55Q6RWvTA__3,in,10.8425,10.8825,0.9985,False,very_short
-a55Q6RWvTA__3,a,12.7825,12.8025,0.9919,False,very_short
-a55Q6RWvTA__3,a,14.8025,14.8225,0.9601,False,very_short
-a55Q6RWvTA__3,of,15.6225,15.6625,0.6271,False,very_short
-a55Q6RWvTA__3,of,17.9025,17.9625,0.0128,False,low_ctc
-a55Q6RWvTA__3,where,18.9425,19.0625,0.8227,False,overlap_risk
-a55Q6RWvTA__3,you're,19.0825,19.2425,0.9014,False,overlap_risk
-aNfi7CP8vM__7,in,5.2425,5.2825,0.9996,False,very_short
-aqamKhZ1Ec__0,In,0.1025,0.1425,0.1693,False,low_ctc;very_short;edge_clip_start
-aqamKhZ1Ec__0,"2008,",0.3625,2.7825,0.8601,False,slow
-aqamKhZ1Ec__0,in,5.4425,5.4825,0.9854,False,very_short
-aqamKhZ1Ec__0,Kenya,5.9625,8.0025,0.5732,False,slow
-aqamKhZ1Ec__0,a,9.4025,9.4225,0.8401,False,very_short
-dxfTGcXJoc__0,than,5.9225,6.0625,0.9897,False,overlap_risk
-dxfTGcXJoc__0,"1,500",6.0825,7.1425,0.3083,False,marginal_ctc;overlap_risk
-dxfTGcXJoc__0,more,10.2225,10.3825,0.9757,False,overlap_risk
-dxfTGcXJoc__0,than,10.4025,10.5225,0.9955,False,overlap_risk
-dxfTGcXJoc__1,of,2.6425,2.6825,0.9998,False,very_short
-dxfTGcXJoc__1,I,12.3825,12.4025,0.996,False,filler_like;very_short
-dxfTGcXJoc__1,in,14.8625,14.9025,0.9998,False,very_short
-dxfTGcXJoc__2,An,0.5625,0.6025,0.9999,False,very_short
-dxfTGcXJoc__2,BIO,8.6625,8.8425,0.3587,False,marginal_ctc
-dxfTGcXJoc__6,at,1.9025,1.9425,0.9988,False,very_short
-egA8-b7-3M__1,I,0.0825,0.1025,0.9573,False,filler_like;very_short;edge_clip_start
-egA8-b7-3M__1,a,1.7625,1.7825,0.9917,False,very_short
-egA8-b7-3M__1,in,4.5425,4.5825,0.9991,False,very_short
-egA8-b7-3M__1,I,6.3825,6.4025,0.633,False,filler_like;very_short
-egA8-b7-3M__13,you,0.7825,0.8625,0.9892,False,filler_like
-egA8-b7-3M__13,an,3.0625,3.1025,0.9916,False,very_short
-egA8-b7-3M__16,of,2.0225,2.0625,0.9999,False,very_short
-egA8-b7-3M__17,you,0.7625,0.8825,0.9679,False,filler_like
-egA8-b7-3M__17,you,3.2225,3.3025,0.9996,False,filler_like
-egA8-b7-3M__17,you,5.2425,5.3425,0.9902,False,filler_like
-egA8-b7-3M__17,know,5.7025,5.8625,0.6081,False,filler_like
-egA8-b7-3M__18,It,0.5825,0.6225,0.9999,False,very_short
-egA8-b7-3M__18,at,1.9625,2.0025,0.995,False,very_short
-egA8-b7-3M__18,of,2.6225,2.6625,0.9997,False,very_short
-egA8-b7-3M__20,a,1.2025,1.2225,0.9978,False,very_short
-egA8-b7-3M__20,you,1.8025,1.8825,0.9909,False,filler_like
-egA8-b7-3M__20,a,2.7825,2.8025,0.9969,False,very_short
-egA8-b7-3M__20,you,4.5425,4.6425,0.9664,False,filler_like
-egA8-b7-3M__26,it,1.2425,1.2825,0.9812,False,very_short
-egA8-b7-3M__26,on,4.4625,4.5025,0.9984,False,very_short
-egA8-b7-3M__26,our,4.6025,4.6825,0.3745,False,marginal_ctc
-egA8-b7-3M__6,a,1.8025,1.8225,0.9669,False,very_short
-egA8-b7-3M__9,of,1.9625,2.0025,0.9984,False,very_short
-hnBHBN8p5A__6,Discussion,0.2425,0.6225,0.0993,False,low_ctc
-hnBHBN8p5A__6,how,0.6825,0.8025,0.3332,False,marginal_ctc
-hnBHBN8p5A__6,to,0.8625,0.9225,0.1322,False,low_ctc
-hnBHBN8p5A__6,discuss,0.9425,1.2425,0.2853,False,marginal_ctc
-hnBHBN8p5A__6,ideas,1.6025,1.7225,0.1602,False,low_ctc
-hnBHBN8p5A__6,and,1.7625,1.8425,0.0206,False,low_ctc
-hnBHBN8p5A__6,more,3.9425,4.0625,0.3374,False,marginal_ctc
-hnBHBN8p5A__6,effectively,4.1225,4.5425,0.177,False,low_ctc
-hnBHBN8p5A__6,than,4.6225,4.8825,0.2499,False,low_ctc
-hnBHBN8p5A__6,a,5.7425,5.7625,0.9747,False,very_short
-hnBHBN8p5A__6,native,5.8825,6.0225,0.1665,False,low_ctc
-hnBHBN8p5A__6,speaker,6.0425,6.3225,0.1453,False,low_ctc;edge_clip_end
-hnBHBN8p5A__7,Picture,0.2825,0.8225,0.1429,False,low_ctc
-hnBHBN8p5A__7,this,0.8825,1.0225,0.0,False,low_ctc
-hnBHBN8p5A__7,we,1.9825,2.0625,0.0,False,low_ctc
-hnBHBN8p5A__7,actually,2.1025,2.4425,0.2401,False,low_ctc
-hnBHBN8p5A__7,start,3.5025,3.6825,0.1999,False,low_ctc
-hnBHBN8p5A__7,hacking,3.7425,4.0825,0.0818,False,low_ctc
-hnBHBN8p5A__7,we’re,4.1825,4.5825,0.1968,False,low_ctc
-hnBHBN8p5A__7,a,5.1825,5.2025,0.0032,False,low_ctc;very_short
-hnBHBN8p5A__7,room,5.3425,5.4625,0.0001,False,low_ctc
-hnBHBN8p5A__7,formal,5.5225,5.8625,0.333,False,marginal_ctc
-hnBHBN8p5A__7,setting,6.9225,7.2425,0.3506,False,marginal_ctc;edge_clip_end
-iRBcNs9oI8__3,it,1.2225,1.2625,0.0,False,low_ctc;very_short
-iRBcNs9oI8__3,is,1.9825,2.0225,0.001,False,low_ctc;very_short
-iRBcNs9oI8__3,secret,3.3225,3.6225,0.3334,False,marginal_ctc
-iRBcNs9oI8__3,power,4.4025,4.9425,0.2104,False,low_ctc
-iRBcNs9oI8__3,pose,5.1025,5.4425,0.25,False,marginal_ctc
-iRBcNs9oI8__6,What,0.3425,0.7625,0.4476,False,marginal_ctc
-iRBcNs9oI8__6,a,1.6225,1.6425,0.0,False,low_ctc;very_short
-iRBcNs9oI8__6,power,2.0625,2.3025,0.3984,False,marginal_ctc
-iRBcNs9oI8__6,pose,2.5425,2.6225,0.0002,False,low_ctc
-iRBcNs9oI8__7,Well,0.0425,0.2225,0.25,False,low_ctc;edge_clip_start
-iRBcNs9oI8__7,for,0.2825,0.3625,0.0001,False,low_ctc
-iRBcNs9oI8__7,starters,0.4425,1.5825,0.3529,False,marginal_ctc
-iRBcNs9oI8__7,let's,1.6225,1.9425,0.2,False,low_ctc
-iRBcNs9oI8__7,look,2.4025,2.5625,0.0,False,low_ctc
-iRBcNs9oI8__7,word,3.1625,3.3025,0.25,False,low_ctc
-iRBcNs9oI8__7,power,3.6025,3.9825,0.3463,False,marginal_ctc;edge_clip_end
-iRBcNs9oI8__8,I've,0.0025,0.2025,0.5,False,edge_clip_start
-iRBcNs9oI8__8,drawn,0.3225,0.7025,0.2,False,low_ctc
-iRBcNs9oI8__8,man,1.9025,2.0425,0.3326,False,marginal_ctc
-iRBcNs9oI8__8,here,2.1825,2.3825,0.25,False,low_ctc
-iRBcNs9oI8__8,and,2.5625,2.6425,0.0,False,low_ctc
-iRBcNs9oI8__8,if,2.7425,2.8025,0.0001,False,low_ctc
-iRBcNs9oI8__8,you,3.9625,4.0625,0.3331,False,marginal_ctc;filler_like
-iRBcNs9oI8__8,can,4.1025,4.2025,0.3333,False,marginal_ctc
-iRBcNs9oI8__8,tell,4.2225,4.3425,0.0,False,low_ctc
-iRBcNs9oI8__8,has,4.5225,4.8025,0.0,False,low_ctc
-iRBcNs9oI8__8,a,4.9425,4.9625,0.4641,False,very_short
-iRBcNs9oI8__8,lot,5.1025,5.3025,0.1667,False,low_ctc
-iRBcNs9oI8__8,of,5.4425,5.4825,0.4999,False,very_short
-iRBcNs9oI8__8,big,5.6825,5.8825,0.3333,False,marginal_ctc
-iRBcNs9oI8__8,muscles,5.9625,6.7425,0.1429,False,low_ctc
-iRBcNs9oI8__8,he,7.2025,7.2425,0.0,False,low_ctc;very_short
-iRBcNs9oI8__8,looks,7.2825,7.4025,0.2,False,low_ctc
-iRBcNs9oI8__8,very,7.5425,7.6625,0.2495,False,low_ctc
-iRBcNs9oI8__8,strong,7.7025,8.0025,0.3332,False,marginal_ctc;edge_clip_end
-iRBcNs9oI8__9,Power,0.0025,0.2825,0.1855,False,low_ctc;edge_clip_start
-iRBcNs9oI8__9,is,0.3025,0.3425,0.0001,False,low_ctc;very_short
-iRBcNs9oI8__9,similar,1.3025,1.6625,0.1427,False,low_ctc
-iRBcNs9oI8__9,strength,2.4225,2.6025,0.1251,False,low_ctc
-lzEya4AM_4__5,it,0.6625,0.7025,0.9991,False,very_short
-lzEya4AM_4__5,oh,1.3625,1.4425,0.0931,False,low_ctc;filler_like
-lzEya4AM_4__5,of,1.8025,1.8425,0.9983,False,very_short
-lzEya4AM_4__5,would,6.2425,6.3825,0.9814,False,overlap_risk
-lzEya4AM_4__5,be,6.4025,6.4625,0.9973,False,overlap_risk
-lzEya4AM_4__5,next,6.6425,6.8025,0.9744,False,overlap_risk
-lzEya4AM_4__5,step,6.8225,7.0425,0.1907,False,low_ctc;overlap_risk
-lzEya4AM_4__6,If,0.6025,0.6425,0.9997,False,very_short
-lzEya4AM_4__6,or,1.5825,1.6225,0.9997,False,very_short
-lzEya4AM_4__6,is,2.2025,2.2425,0.4996,False,very_short
-lzEya4AM_4__6,of,2.7425,2.7825,0.9979,False,very_short
-lzEya4AM_4__6,you,5.8025,5.8825,0.9992,False,filler_like
-lzEya4AM_4__6,as,9.7625,9.8025,0.0113,False,low_ctc;very_short
-lzEya4AM_4__6,on,10.7625,10.8025,0.9993,False,very_short
-lzEya4AM_4__6,it,11.8025,11.8425,0.999,False,very_short
-lzEya4AM_4__6,could,11.8825,12.0225,0.9988,False,overlap_risk
-lzEya4AM_4__6,cause,12.0425,12.2825,0.9977,False,overlap_risk
-lzEya4AM_4__6,on,13.4625,13.5025,0.9987,False,very_short
-mJ2ud6oKI8__1,There,0.0025,0.2825,0.0224,False,low_ctc;edge_clip_start
-mJ2ud6oKI8__1,are,0.3025,0.3625,0.0259,False,low_ctc
-mJ2ud6oKI8__1,a,0.3825,0.4025,0.037,False,low_ctc;very_short;overlap_risk
-mJ2ud6oKI8__1,dozen,0.4225,0.6225,0.011,False,low_ctc;overlap_risk;overlap_risk
-mJ2ud6oKI8__1,or,0.6425,0.6825,0.014,False,low_ctc;very_short;overlap_risk
-mJ2ud6oKI8__1,more,0.7025,0.7825,0.0151,False,low_ctc
-mJ2ud6oKI8__1,hands,0.8025,5.4025,0.0163,False,low_ctc;slow
-mJ2ud6oKI8__1,on,5.4225,5.4625,0.0098,False,low_ctc;very_short;overlap_risk
-mJ2ud6oKI8__1,techniques,5.4825,5.6825,0.0178,False,low_ctc;overlap_risk;overlap_risk
-mJ2ud6oKI8__1,that,5.7025,5.7825,0.0261,False,low_ctc;overlap_risk
-mJ2ud6oKI8__1,we,5.8025,5.8625,0.016,False,low_ctc
-mJ2ud6oKI8__1,can,5.9225,5.9825,0.0135,False,low_ctc;edge_clip_end
-mJ2ud6oKI8__1,do,6.0025,6.0425,0.0108,False,low_ctc;very_short;edge_clip_end
-mJ2ud6oKI8__2,So,0.0025,0.0625,0.0268,False,low_ctc;edge_clip_start
-mJ2ud6oKI8__2,physical,0.0825,0.4025,0.0169,False,low_ctc;edge_clip_start
-mJ2ud6oKI8__2,therapists,0.4425,3.2825,0.0248,False,low_ctc;slow
-mJ2ud6oKI8__2,and,3.3225,3.3825,0.0143,False,low_ctc
-mJ2ud6oKI8__2,chiropractors,3.4025,4.6825,0.0167,False,low_ctc
-mJ2ud6oKI8__2,will,4.7225,4.8225,0.0093,False,low_ctc
-mJ2ud6oKI8__2,do,4.8425,4.8825,0.0113,False,low_ctc;very_short;overlap_risk
-mJ2ud6oKI8__2,joint,4.9025,5.0025,0.0167,False,low_ctc;overlap_risk;overlap_risk
-mJ2ud6oKI8__2,manipulations,5.0225,5.2825,0.0185,False,low_ctc;overlap_risk
-mJ2ud6oKI8__2,and,5.3025,5.3625,0.0142,False,low_ctc
-mJ2ud6oKI8__2,mobilizations,5.3825,5.6625,0.0188,False,low_ctc;edge_clip_end
-mJ2ud6oKI8__6,They,0.0225,0.1625,0.4757,False,edge_clip_start
-mJ2ud6oKI8__6,are,0.2025,0.3825,0.3333,False,marginal_ctc
-mJ2ud6oKI8__6,very,0.7825,0.9425,0.0002,False,low_ctc
-mJ2ud6oKI8__6,safe,1.3625,2.1625,0.2052,False,low_ctc;edge_clip_end
-mJ2ud6oKI8__8,Sometimes,0.7825,1.1425,0.0673,False,low_ctc
-mJ2ud6oKI8__8,we,1.2225,1.3625,0.0002,False,low_ctc
-mJ2ud6oKI8__8,stretch,2.0225,2.3425,0.019,False,low_ctc
-mJ2ud6oKI8__8,that,2.4025,2.4825,0.0528,False,low_ctc
-mJ2ud6oKI8__8,joint,2.5425,2.7825,0.0,False,low_ctc
-mJ2ud6oKI8__8,is,3.2225,3.2625,0.0124,False,low_ctc;very_short
-mJ2ud6oKI8__8,already,3.3825,3.7425,0.3037,False,marginal_ctc
-mJ2ud6oKI8__8,irritated,3.7825,4.1625,0.0862,False,low_ctc;edge_clip_end
-mJ2ud6oKI8__9,It's,0.0625,0.2825,0.2455,False,low_ctc;edge_clip_start
-mJ2ud6oKI8__9,safe,0.3625,0.5225,0.25,False,marginal_ctc
-mJ2ud6oKI8__9,the,0.8425,0.9225,0.0,False,low_ctc
-mJ2ud6oKI8__9,person,1.0625,1.4225,0.334,False,marginal_ctc
-mJ2ud6oKI8__9,will,1.4625,1.5825,0.2499,False,low_ctc
-mJ2ud6oKI8__9,feel,1.6425,1.7825,0.0001,False,low_ctc
-mJ2ud6oKI8__9,better,1.9825,2.2625,0.3537,False,marginal_ctc
-mJ2ud6oKI8__9,on,2.6825,2.7425,0.0033,False,low_ctc
-mJ2ud6oKI8__9,it's,3.0825,3.2625,0.1818,False,low_ctc
-mJ2ud6oKI8__9,sort,3.3025,3.4025,0.2473,False,low_ctc
-mJ2ud6oKI8__9,of,3.4425,3.5625,0.0,False,low_ctc
-mJ2ud6oKI8__9,like,3.7025,3.8425,0.2492,False,low_ctc;filler_like
-mJ2ud6oKI8__9,flossing,3.8825,4.2825,0.1246,False,low_ctc
-mJ2ud6oKI8__9,teeth,6.0825,6.2425,0.0048,False,low_ctc
-mJ2ud6oKI8__9,for,6.2625,6.3625,0.3319,False,marginal_ctc
-mJ2ud6oKI8__9,the,6.4225,6.5025,0.3329,False,marginal_ctc
-mJ2ud6oKI8__9,first,6.5825,6.7625,0.1866,False,low_ctc
-mJ2ud6oKI8__9,time,6.8025,6.8825,0.0003,False,low_ctc
-mqbVkbCndg__0,at,0.8825,0.9225,0.9994,False,very_short
-mqbVkbCndg__0,a,0.9825,1.0025,0.9942,False,very_short
-mqbVkbCndg__0,in,2.0825,2.1225,0.9997,False,very_short
-mqbVkbCndg__0,in,3.5225,3.5625,0.9997,False,very_short
-qDkUB0GgYY__6,We,0.1025,0.3625,0.4981,False,edge_clip_start
-qDkUB0GgYY__6,to,1.2025,1.2425,0.9883,False,very_short
-qDkUB0GgYY__6,you,1.5625,1.6425,0.9225,False,filler_like
-qDkUB0GgYY__6,like,2.7425,2.9025,0.8213,False,filler_like
-qDkUB0GgYY__6,and,2.9425,3.0025,0.3705,False,marginal_ctc
-qDkUB0GgYY__6,share,3.0225,3.2625,0.1767,False,low_ctc
-qDkUB0GgYY__6,this,3.3225,3.4025,0.3311,False,marginal_ctc
-qDkUB0GgYY__6,video,3.4425,3.5625,0.0284,False,low_ctc
-ri04Z7vwnc__0,going,0.0225,0.1225,0.0024,False,low_ctc;edge_clip_start
-ri04Z7vwnc__0,to,0.1625,0.5225,0.0053,False,low_ctc
-ri04Z7vwnc__0,get,0.6625,1.5825,0.0027,False,low_ctc
-ri04Z7vwnc__0,married,1.7225,1.9225,0.0105,False,low_ctc;overlap_risk
-ri04Z7vwnc__0,or,1.9425,1.9825,0.0056,False,low_ctc;very_short;overlap_risk
-ri04Z7vwnc__0,are,2.0025,2.0625,0.0047,False,low_ctc
-ri04Z7vwnc__0,already,2.1225,2.3425,0.0031,False,low_ctc
-ri04Z7vwnc__0,married,2.4625,2.6825,0.0034,False,low_ctc;edge_clip_end
-ri04Z7vwnc__2,most,0.1025,0.2825,0.0072,False,low_ctc;edge_clip_start
-ri04Z7vwnc__2,people,0.4225,0.8425,0.0182,False,low_ctc
-ri04Z7vwnc__2,think,0.9025,1.3825,0.0078,False,low_ctc
-ri04Z7vwnc__2,it'll,1.4025,1.6025,0.0018,False,low_ctc
-ri04Z7vwnc__2,sort,1.6225,1.8025,0.0711,False,low_ctc
-ri04Z7vwnc__2,itself,1.8625,2.4625,0.0007,False,low_ctc
-ri04Z7vwnc__2,out,2.6625,2.7225,0.189,False,low_ctc
-ri04Z7vwnc__2,we'll,2.7425,2.8825,0.0042,False,low_ctc
-ri04Z7vwnc__2,discuss,2.9025,3.0625,0.0006,False,low_ctc
-ri04Z7vwnc__2,it,3.0825,3.1225,0.0003,False,low_ctc;very_short
-ri04Z7vwnc__2,later,3.1625,3.2625,0.001,False,low_ctc
-ri04Z7vwnc__2,it's,3.2825,3.6025,0.0002,False,low_ctc
-ri04Z7vwnc__2,not,3.7425,3.8225,0.0678,False,low_ctc
-ri04Z7vwnc__2,something,3.8425,4.4025,0.1322,False,low_ctc
-ri04Z7vwnc__2,too,4.4625,4.8625,0.0047,False,low_ctc
-ri04Z7vwnc__2,important,4.9225,5.3425,0.3268,False,marginal_ctc
-ri04Z7vwnc__5,I,0.7825,0.8025,0.0005,False,low_ctc;filler_like;very_short
-ri04Z7vwnc__5,think,0.8825,1.0825,0.0,False,low_ctc
-ri04Z7vwnc__5,it's,1.1225,1.2825,0.0005,False,low_ctc
-ri04Z7vwnc__5,important,1.3225,1.7225,0.3095,False,marginal_ctc
-ri04Z7vwnc__5,to,2.3025,2.3425,0.4905,False,very_short
-ri04Z7vwnc__5,discuss,2.4025,2.8625,0.1421,False,low_ctc
-ri04Z7vwnc__5,finances,2.9025,3.3225,0.0523,False,low_ctc
-s9qJ7ATP7w__0,they,0.0225,0.1025,0.1016,False,low_ctc;edge_clip_start
-s9qJ7ATP7w__0,have,0.1825,0.2825,0.3438,False,marginal_ctc
-s9qJ7ATP7w__0,in,2.1625,2.2025,0.8934,False,very_short
-s9qJ7ATP7w__0,a,2.2625,2.2825,0.8625,False,very_short
-s9qJ7ATP7w__0,they,3.2625,3.3625,0.3276,False,marginal_ctc
-s9qJ7ATP7w__0,in,3.8025,3.8425,0.7193,False,very_short
-s9qJ7ATP7w__0,a,4.1025,4.1225,0.9201,False,very_short
-s9qJ7ATP7w__0,up,6.0825,6.1225,0.9958,False,very_short
-s9qJ7ATP7w__1,But,0.5425,0.8425,0.3192,False,marginal_ctc
-s9qJ7ATP7w__1,in,1.9425,1.9825,0.9907,False,very_short
-s9qJ7ATP7w__4,I,0.1025,0.1225,0.7837,False,filler_like;very_short;edge_clip_start
-s9qJ7ATP7w__4,at,1.3225,1.3625,0.9769,False,very_short
-s9qJ7ATP7w__4,you,2.1425,2.2225,0.9998,False,filler_like
-s9qJ7ATP7w__4,seriously,3.0025,3.4425,0.4115,False,marginal_ctc
-s9qJ7ATP7w__5,I,0.4025,0.4225,0.0003,False,low_ctc;filler_like;very_short
-s9qJ7ATP7w__6,I,1.2425,1.2625,0.7995,False,filler_like;very_short
-s9qJ7ATP7w__7,I,0.5625,0.5825,0.8389,False,filler_like;very_short
-s9qJ7ATP7w__7,to,0.8025,0.8625,0.9762,False,overlap_risk
-s9qJ7ATP7w__7,work,0.8825,0.9825,0.9991,False,overlap_risk
-s9qJ7ATP7w__7,guy,2.0225,2.1225,0.3138,False,marginal_ctc
-s9qJ7ATP7w__7,who,2.1625,2.2225,0.0482,False,low_ctc
-s9qJ7ATP7w__7,a,2.9825,3.0025,0.1206,False,low_ctc;very_short
-s9qJ7ATP7w__7,he,3.3225,3.3625,0.9965,False,very_short
-s9qJ7ATP7w__7,said,3.4425,3.5825,0.2502,False,marginal_ctc
-s9qJ7ATP7w__7,to,3.6225,3.6625,0.0014,False,low_ctc;very_short
-s9qJ7ATP7w__7,of,5.8425,5.8825,0.9933,False,very_short
-s9qJ7ATP7w__8,I,0.6625,0.6825,0.9832,False,filler_like;very_short
-s9qJ7ATP7w__8,said,0.7825,0.9025,0.3168,False,marginal_ctc
-s9qJ7ATP7w__8,Oh,0.9825,1.0625,0.5841,False,filler_like
-s9qJ7ATP7w__8,a,1.3425,1.3625,0.9688,False,very_short
-t217m2on-s__2,But,0.5225,0.6825,0.3087,False,marginal_ctc
-t217m2on-s__2,a,1.3625,1.3825,0.9833,False,very_short
-t217m2on-s__7,If,0.5625,0.6025,0.9999,False,very_short
-t217m2on-s__7,you,0.6425,0.7225,0.9905,False,filler_like
-t217m2on-s__7,you,4.9025,4.9625,0.9994,False,filler_like
-t217m2on-s__7,to,7.9625,8.0025,0.9978,False,very_short
-t217m2on-s__7,a,8.2425,8.2625,0.9959,False,very_short
-t217m2on-s__7,it,10.9025,10.9425,0.9991,False,very_short
-t217m2on-s__7,of,12.0025,12.0425,0.9933,False,very_short
-t217m2on-s__7,a,12.1225,12.1425,0.9856,False,very_short
-t217m2on-s__7,a,13.4825,13.5025,0.9809,False,very_short
-t217m2on-s__7,to,16.0025,16.0425,0.9351,False,very_short
-tANM6ETl_M__3,is,1.4025,1.4425,0.9979,False,very_short
-tANM6ETl_M__3,you,1.8625,1.9425,0.9998,False,filler_like
-tANM6ETl_M__3,a,2.2825,2.3025,0.998,False,very_short
-tANM6ETl_M__3,a,3.0625,3.0825,0.988,False,very_short
-tANM6ETl_M__3,it,4.5225,4.5625,0.9985,False,very_short
-tANM6ETl_M__3,before,4.6625,5.0425,0.9997,False,overlap_risk
-tANM6ETl_M__3,or,5.0625,5.1025,0.0,False,low_ctc;very_short;overlap_risk;overlap_risk
-tANM6ETl_M__3,they've,5.1225,5.3225,0.9352,False,overlap_risk
-tPCytz4rww__10,if,1.9425,1.9825,0.9995,False,very_short
-tPCytz4rww__10,a,2.3825,2.4025,0.9916,False,very_short
-tPCytz4rww__12,and,2.6025,2.6625,0.4329,False,marginal_ctc
-tPCytz4rww__12,going,2.6825,2.8025,0.0184,False,low_ctc;overlap_risk
-tPCytz4rww__12,to,2.8225,2.8825,0.0016,False,low_ctc;overlap_risk
-tPCytz4rww__12,in,3.6225,3.6625,0.9663,False,very_short
-tPCytz4rww__12,as,6.9625,7.0025,0.9982,False,very_short
-tPCytz4rww__16,a,2.1025,2.1225,0.9837,False,very_short
-tPCytz4rww__16,or,3.1425,3.2225,0.3434,False,marginal_ctc
-tPCytz4rww__16,a,4.6625,4.6825,0.907,False,very_short
-tPCytz4rww__16,of,5.8425,5.8825,0.9988,False,very_short
-uywlfIYOS8__4,And,0.1425,0.7825,0.6662,False,edge_clip_start
-uywlfIYOS8__4,a,1.5425,1.5625,0.9907,False,very_short
-uywlfIYOS8__4,of,2.3825,2.4225,0.9838,False,very_short
-vxjVxOeScU__4,You're,0.0025,0.1225,0.0227,False,low_ctc;edge_clip_start
-vxjVxOeScU__4,going,0.5825,0.7025,0.1366,False,low_ctc
-vxjVxOeScU__4,to,0.7425,0.7825,0.6959,False,very_short
-vxjVxOeScU__4,and,4.7625,4.8225,0.3356,False,marginal_ctc
-vxjVxOeScU__4,it,6.4825,6.5225,0.9998,False,very_short
-wMB_hJL-3o__7,if,1.1025,1.1425,1.0,False,very_short
-wMB_hJL-3o__7,you,1.2025,1.2825,1.0,False,filler_like
-wMB_hJL-3o__7,a,1.5225,1.5425,0.8883,False,very_short
-wMB_hJL-3o__7,of,3.7625,3.8025,0.9992,False,very_short
-wMB_hJL-3o__7,you,4.3825,4.4625,0.9999,False,filler_like
-wny0OAz3g8__2,communities,2.4225,2.8025,0.9779,False,overlap_risk
-wny0OAz3g8__2,had,2.8225,2.9025,0.999,False,overlap_risk
-wny0OAz3g8__2,rates,4.2225,4.3825,0.9297,False,overlap_risk
-wny0OAz3g8__2,of,4.4025,4.4625,0.9974,False,overlap_risk
-wny0OAz3g8__5,is,0.7825,0.8225,0.9982,False,very_short
-wny0OAz3g8__5,a,3.1025,3.1225,0.9988,False,very_short
-wny0OAz3g8__7,of,1.9625,2.0025,0.9994,False,very_short
-wny0OAz3g8__7,as,2.7425,2.7825,0.9993,False,very_short
-wny0OAz3g8__7,a,2.8425,2.8625,0.9948,False,very_short
-wny0OAz3g8__7,of,6.6025,6.6425,0.9997,False,very_short
-wny0OAz3g8__9,He,0.0825,0.3825,0.0009,False,low_ctc;edge_clip_start
-wny0OAz3g8__9,to,2.3025,2.3425,0.9674,False,very_short
-wny0OAz3g8__9,in,3.7025,3.7425,0.9444,False,very_short
-wny0OAz3g8__9,of,4.0025,4.0425,0.9966,False,very_short
-yRb-Jum7EQ__1,comes,2.2425,2.9425,0.1592,False,low_ctc
-yRb-Jum7EQ__1,with,3.2625,3.6425,0.1282,False,low_ctc
-yRb-Jum7EQ__1,assistance,5.1625,6.6225,0.3399,False,marginal_ctc
-yRb-Jum7EQ__1,and,6.9625,7.1025,0.0075,False,low_ctc
-yRb-Jum7EQ__1,agitation,7.6825,8.0425,0.2309,False,low_ctc
-yRb-Jum7EQ__1,of,8.0825,8.1225,0.4268,False,marginal_ctc;very_short
-yRb-Jum7EQ__1,states,8.1625,8.4425,0.3068,False,marginal_ctc
-yRb-Jum7EQ__1,and,8.5025,8.6025,0.0001,False,low_ctc
-yRb-Jum7EQ__1,regimes,8.6225,8.8225,0.3309,False,marginal_ctc
-yRb-Jum7EQ__1,Yesterday,9.3025,9.7425,0.2278,False,low_ctc
-yRb-Jum7EQ__1,Iran,9.7825,10.0025,0.4353,False,marginal_ctc
-yRb-Jum7EQ__1,announced,10.0625,11.3825,0.1093,False,low_ctc
-yRb-Jum7EQ__1,that,11.4225,11.6625,0.2333,False,low_ctc
-yRb-Jum7EQ__1,will,11.9425,12.0625,0.18,False,low_ctc
-yRb-Jum7EQ__1,finance,12.1825,12.7425,0.2904,False,marginal_ctc
-yRb-Jum7EQ__1,families,14.2425,14.5625,0.3212,False,marginal_ctc
-yRb-Jum7EQ__1,of,14.6825,14.7625,0.0722,False,low_ctc
-yRb-Jum7EQ__1,terrorists,15.2825,16.0425,0.386,False,marginal_ctc
-yRb-Jum7EQ__1,and,16.1425,16.2025,0.3719,False,marginal_ctc;overlap_risk
-yRb-Jum7EQ__1,murderers,16.2225,16.5225,0.2813,False,marginal_ctc;overlap_risk
-yRb-Jum7EQ__1,this,16.5625,16.7825,0.3248,False,marginal_ctc
-yRb-Jum7EQ__1,shows,17.5625,17.6825,0.0104,False,low_ctc;overlap_risk
-yRb-Jum7EQ__1,that,17.7025,17.8025,0.2232,False,low_ctc;overlap_risk
-yRb-Jum7EQ__1,Iran,17.8625,18.0225,0.2548,False,marginal_ctc
-yRb-Jum7EQ__1,even,18.1825,18.5225,0.3271,False,marginal_ctc
-yRb-Jum7EQ__1,after,18.7825,18.9825,0.2665,False,marginal_ctc
-yRb-Jum7EQ__1,the,19.0225,19.0825,0.003,False,low_ctc;overlap_risk
-yRb-Jum7EQ__1,nuclear,19.1025,19.3225,0.1234,False,low_ctc;overlap_risk
-yRb-Jum7EQ__1,agreement,19.4025,19.8225,0.3497,False,marginal_ctc
-yRb-Jum7EQ__1,is,20.2625,20.4025,0.2413,False,low_ctc
-yRb-Jum7EQ__1,continuing,20.5625,21.8225,0.1389,False,low_ctc;overlap_risk
-yRb-Jum7EQ__1,to,21.8425,21.9225,0.3119,False,marginal_ctc;overlap_risk
-yRb-Jum7EQ__1,aid,22.0225,22.0825,0.0051,False,low_ctc
-yRb-Jum7EQ__1,terrorism,22.1225,22.8425,0.2991,False,marginal_ctc
-yRb-Jum7EQ__1,including,23.0825,23.8825,0.0282,False,low_ctc
-yRb-Jum7EQ__1,terrorism,24.9825,25.4625,0.2754,False,marginal_ctc
-yRb-Jum7EQ__1,Hezbollah,25.5425,26.0625,0.4443,False,marginal_ctc
-yRb-Jum7EQ__1,terrorism,26.8425,27.2025,0.1237,False,low_ctc
-yRb-Jum7EQ__1,and,27.3825,27.5025,0.4114,False,marginal_ctc
-yRb-Jum7EQ__1,its,27.6025,27.7025,0.0153,False,low_ctc
-yRb-Jum7EQ__1,assistance,27.7825,28.1425,0.0989,False,low_ctc
-yRb-Jum7EQ__1,to,28.2025,28.2825,0.0048,False,low_ctc
-yRb-Jum7EQ__5,Yesterday,0.1225,0.4825,0.0699,False,low_ctc;edge_clip_start
-yRb-Jum7EQ__5,lost,1.5025,1.6825,0.0038,False,low_ctc
-yRb-Jum7EQ__5,his,2.7025,2.7825,0.0391,False,low_ctc
-yRb-Jum7EQ__5,life,2.8225,2.9425,0.1252,False,low_ctc
-yRb-Jum7EQ__5,in,2.9825,3.0425,0.3801,False,marginal_ctc
-yRb-Jum7EQ__5,another,3.1025,3.9425,0.4096,False,marginal_ctc
-yRb-Jum7EQ__5,terrorist,4.0625,4.8625,0.2047,False,low_ctc
-yRb-Jum7EQ__5,by,6.6225,6.7225,0.01,False,low_ctc
-yRb-Jum7EQ__5,the,7.4225,7.5225,0.1531,False,low_ctc
-yRb-Jum7EQ__5,students,7.5825,8.1425,0.0573,False,low_ctc
-yRb-Jum7EQ__5,of,8.1825,8.2825,0.0012,False,low_ctc
-yRb-Jum7EQ__5,terrorism,8.4025,8.6825,0.3062,False,marginal_ctc
-yRb-Jum7EQ__5,but,8.7825,9.0825,0.2883,False,marginal_ctc
-yRb-Jum7EQ__5,by,9.2025,9.3625,0.0109,False,low_ctc
-yRb-Jum7EQ__5,those,9.4625,9.7225,0.3397,False,marginal_ctc
-yRb-Jum7EQ__5,who,9.8225,10.0625,0.2578,False,marginal_ctc
-yRb-Jum7EQ__5,teach,10.1025,10.2425,0.1418,False,low_ctc
-yRb-Jum7EQ__5,terrorism,10.4425,10.9825,0.2938,False,marginal_ctc
-yRb-Jum7EQ__5,a,11.1225,11.1425,0.0178,False,low_ctc;very_short
-yRb-Jum7EQ__5,Palestinian,11.2225,11.7225,0.4274,False,marginal_ctc
-yRb-Jum7EQ__5,teacher,12.4625,12.8025,0.3782,False,marginal_ctc
-yRb-Jum7EQ__6,Therefore,0.4025,0.7025,0.2508,False,marginal_ctc
-yRb-Jum7EQ__6,the,0.7425,0.8225,0.0097,False,low_ctc
-yRb-Jum7EQ__6,world,0.8825,1.0425,0.2593,False,marginal_ctc
-yRb-Jum7EQ__6,needs,1.1025,1.5425,0.1747,False,low_ctc
-yRb-Jum7EQ__6,to,1.5625,1.6625,0.0697,False,low_ctc
-yRb-Jum7EQ__6,stand,1.7625,2.0425,0.2133,False,low_ctc
-yRb-Jum7EQ__6,with,2.2225,2.4225,0.2091,False,low_ctc
-yRb-Jum7EQ__6,against,3.8025,4.3825,0.4189,False,marginal_ctc;overlap_risk
-yRb-Jum7EQ__6,this,4.4025,4.6825,0.3527,False,marginal_ctc;overlap_risk
-yRb-Jum7EQ__6,incitement,4.7825,6.6425,0.209,False,low_ctc;slow
-yRb-Jum7EQ__6,which,6.7025,7.0425,0.1455,False,low_ctc
-yRb-Jum7EQ__6,is,7.1025,7.1825,0.0051,False,low_ctc
-yRb-Jum7EQ__6,the,7.5425,7.6225,0.4329,False,marginal_ctc
-yRb-Jum7EQ__6,number,9.7425,9.9225,0.3517,False,marginal_ctc
-yRb-Jum7EQ__6,one,9.9425,10.0225,0.2996,False,marginal_ctc
-yRb-Jum7EQ__6,cause,10.1425,10.2825,0.3199,False,marginal_ctc
-yRb-Jum7EQ__6,of,10.4225,10.4625,0.2019,False,low_ctc;very_short
-yRb-Jum7EQ__6,terrorism,10.5025,10.9825,0.0263,False,low_ctc
