sample_id,polarity,intensity,dominant_modality,top_text_window,top_audio_window,top_vision_window,text_polarity_delta,audio_polarity_delta,vision_polarity_delta,intensity_delta_text,intensity_delta_audio,intensity_delta_vision,raw_text_snippet,video_filename
01,0,-0.548623,audio,0.10-1.30s (drop +0.594),1.10-2.30s (drop +0.794),0.30-1.50s (drop +0.489),-0.1989,1.6595,0.9524,-0.0129,-0.6219,-0.4529,Replacing these wear components when replacing the timing belt is essential to ensuring the new belt performs to its mileage requirements,01.mp4
02,0,-0.446927,vision,2.50-3.70s (drop +2.198),1.90-3.10s (drop +0.773),2.70-3.90s (drop +0.259),0.8357,0.6589,-1.0793,-0.3001,-0.1736,0.3565,We want to live by each other’s happiness - not by each other’s misery.,02.mp4
03,1,-0.115425,text,5.70-6.90s (drop +0.236),3.70-4.90s (drop +0.190),4.30-5.50s (drop +0.226),0.7479,-0.0045,0.4505,-0.6227,0.1184,-0.2248,"There's one lender at the moment which I think is just Bankwest who don't take rental income into account, they take rental yield into account.",03.mp4
04,2,0.858421,text,1.90-3.10s (drop +0.245),4.30-5.50s (drop +0.290),4.10-5.30s (drop +0.071),-1.0387,-0.4570,0.9807,-0.3766,0.0226,0.5466,"If I blow it at the team exercise, should I kiss my chances of cheering ""GO BLUE"" goodbye?] Absolutely not.",04.mp4
05,2,1.108302,audio,3.10-4.30s (drop +0.938),1.30-2.50s (drop +1.518),0.70-1.90s (drop +0.567),0.9326,1.1412,0.8769,0.1286,0.3220,0.4385,"Hi, my name is Chloe, video marketer for Red Wagon Marketing.",05.mp4
06,2,0.615068,vision,0.90-2.10s (drop +0.479),0.50-1.70s (drop +0.348),0.50-1.70s (drop +0.174),0.2248,-0.1413,0.3567,0.0698,-0.0038,0.1691,"If you're a fan of dancing in that sense, just like to watch people dance, see impressive dance moves then you might want to check out this movie solely for tha",06.mp4
07,2,0.798072,vision,7.30-8.50s (drop +1.383),3.30-4.50s (drop +0.939),3.10-4.30s (drop +0.070),1.2737,0.6328,-1.3470,0.1272,-0.0102,-0.2292,"As Linn’s associate editor Michael Baadke reports in our November 28 issue, attendees “enthusiastically discussed the topics of growing the hobby, the future of",07.mp4
08,1,0.223142,text,1.50-2.70s (drop +1.078),1.70-2.90s (drop +0.116),1.30-2.50s (drop +0.531),0.9602,-0.1785,0.8268,0.0085,-0.1213,0.2240,"That brings us to tonight, the Universal Design Grand Challenge",08.mp4
09,0,-1.738190,text,0.30-1.50s (drop +1.402),1.70-2.90s (drop +0.984),0.30-1.50s (drop +0.892),3.1162,1.5133,1.1364,-1.4862,-0.4969,-0.4197,"(uhh) I did not like this movie at all, I would not recommend it",09.mp4
10,0,-0.918352,text,5.30-6.50s (drop +2.165),4.70-5.90s (drop +0.492),5.30-6.50s (drop +0.293),3.2942,1.2333,-1.6076,-1.8602,-0.3204,0.4807,(umm) And you know I really do like to see fluffy chick flicks sometimes so I'm not against that but this one was pretty terrible,10.mp4
11,0,-0.426233,audio,2.30-3.50s (drop +1.293),0.30-1.50s (drop +1.109),0.30-1.50s (drop +0.630),0.9155,1.7062,1.0938,-0.3509,-0.4940,-0.4174,I would be ashamed to have made this film if I was a director,11.mp4
12,2,0.299215,vision,6.30-7.50s (drop +1.796),7.50-8.70s (drop +0.542),4.30-5.50s (drop +0.004),1.1115,-0.5429,-2.6282,0.4284,-0.1117,-0.6503,"Or worse, an individual previously had good credit, but usually by no fault of their own, or perhaps by fault of their own, they have let their credit sag, and ",12.mp4
13,2,0.338693,audio,1.90-3.10s (drop +1.320),5.10-6.30s (drop +0.313),,-0.5400,1.1510,0.0000,0.1809,0.1428,0.0000,"For example, I could take a set of data and from that data, I can find a relationship between any two of the given factors or more.",13.mp4
14,2,0.713799,audio,2.10-3.30s (drop +0.476),4.90-6.10s (drop +0.148),0.70-1.90s (drop +0.159),0.4554,-2.4818,-0.3515,0.0342,-0.3740,0.0409,He is the co-founder of Rossen and Vettese Limited and the former Executive Director of Uniform Final Examination (UFE) courses at Toronto's York University.,14.mp4
15,2,0.569305,audio,1.70-2.90s (drop +0.309),1.50-2.70s (drop +0.227),3.30-4.50s (drop +0.153),-0.0369,0.2032,0.0766,-0.0711,0.1863,-0.0191,"However, despite their poverty, the family prioritize education because they believed in its power to transform lives",15.mp4
16,0,-0.368159,text,1.10-2.30s (drop +1.439),2.30-3.50s (drop +0.228),0.70-1.90s (drop +0.726),1.3227,-1.2970,0.6296,-0.5391,0.4477,-0.2455,"It's a terrible, this is a terrible movie",16.mp4
17,2,0.608965,audio,1.70-2.90s (drop +0.280),1.90-3.10s (drop +1.402),2.70-3.90s (drop +0.410),-1.3849,1.4230,0.0585,-0.1836,0.3282,-0.0514,"Applying these four design concepts to your presentations is simple, easy and will make people think you turned into a design guru.",17.mp4
18,2,0.454877,vision,4.90-6.10s (drop +0.324),8.90-10.10s (drop +0.321),0.10-1.30s (drop +0.136),1.9301,0.1270,-3.4820,0.9089,0.0487,-0.9805,"-And in Denmark - the first Baltic Cod fishery has been MSC – certified -Meanwhile, the Faeroese Mackerel Fishery has been denied MSC certification based on the",18.mp4
19,2,1.114557,text,3.70-4.90s (drop +0.415),3.10-4.30s (drop +0.721),3.70-4.90s (drop +0.125),1.5699,0.1989,-0.5539,0.2531,0.0657,0.0042,"People are surprisingly forgiving brands when they own up to mistakes, and unfortunately some haters out there love to point fingers and jump all over imperfect",19.mp4
20,2,0.855752,vision,3.50-4.70s (drop +0.792),4.50-5.70s (drop +0.231),3.10-4.30s (drop +0.268),-0.9143,0.3067,1.0020,-0.0428,0.1574,0.3290,"And of course, click in the link of the description of this video for more, and we'll have more live updates and a stock market video (wrap-up) at the end of th",20.mp4
